,GRNN,MLP,Autoencoder,TabNet
Age,0.06806526806526803,0.08857808857808847,0.047552447552447585,0.12564102564102564
BMI,0.050815850815850716,0.06596736596736585,0.06503496503496509,0.04219114219114206
Glucose,0.020046620046620167,0.06736596736596756,0.023076923076923328,0.11351981351981344
Insulin,0.0347319347319347,0.029603729603729367,0.04102564102564099,0.0643356643356644
HOMA,0.017482517482517612,0.007692307692307665,0.14289044289044284,0.04685314685314679
Leptin,-0.02027972027972036,0.02237762237762242,-0.00023310023309996986,0.06456876456876459
Adiponectin,-0.005128205128204999,0.014685314685314421,0.002564102564102666,0.008391608391608352
Resistin,0.05850815850815849,0.14195804195804174,-0.0030303030303028278,0.12517482517482503
MCP.1,-0.03682983682983687,0.0006993006993005757,0.023776223776223904,0.03263403263403242
