,GRNN,MLP,Autoencoder,TabNet,TabNet attention
Age,0.01394912389780479,0.07857281696866068,0.04503281561227638,0.051317709555297214,0.0992814382926314
BMI,0.01507723331698707,0.08374228925075149,0.06401382640714326,0.039566960080288156,0.17603812433861363
Glucose,0.021510114430540798,0.16839592678655146,0.10411298409933584,0.12109398741817373,0.2741467285905857
Insulin,0.023803435531896705,0.038563681314088626,0.06668211878562878,0.017988578333154648,0.030443254837913172
HOMA,0.023330882297105008,0.019711944971724422,0.11618034358627045,0.01957237556143279,0.02494983004229067
Leptin,0.012631481776352016,0.046062104886410916,0.038953458332866266,0.06116172547777591,0.03522073834269788
Adiponectin,0.0036513846643021867,0.051876697812613275,0.03407974832506721,0.007916589169847747,0.04815014892931936
Resistin,0.022094710380866116,0.16576145732483813,0.03588056014247353,0.09272433261692896,0.29551279606454883
MCP.1,0.004283013101052721,0.05989497321003876,0.030426148166273977,0.01185039498305798,0.016256940561399334
