dataset,fold,model,accuracy,f1,roc_auc
coimbra,1,kNN,0.7916666666666666,0.8148148148148148,0.7832167832167832
coimbra,1,Logistic Regression,0.625,0.6896551724137931,0.6293706293706294
coimbra,1,SVM (RBF),0.7916666666666666,0.8148148148148148,0.8391608391608392
coimbra,1,RUSBoost,0.7083333333333334,0.7407407407407407,0.7972027972027972
coimbra,1,GRNN,0.625,0.7428571428571429,0.6013986013986015
coimbra,1,MLP,0.6666666666666666,0.7142857142857143,0.7062937062937062
coimbra,1,Autoencoder,0.7083333333333334,0.72,0.7762237762237761
coimbra,1,TabNet,0.7916666666666666,0.8,0.8671328671328671
coimbra,2,kNN,0.8695652173913043,0.8695652173913043,0.9280303030303031
coimbra,2,Logistic Regression,0.782608695652174,0.8,0.8712121212121212
coimbra,2,SVM (RBF),0.782608695652174,0.8148148148148148,0.8787878787878787
coimbra,2,RUSBoost,0.6521739130434783,0.6923076923076923,0.7348484848484848
coimbra,2,GRNN,0.782608695652174,0.8148148148148148,0.8787878787878787
coimbra,2,MLP,0.7391304347826086,0.7692307692307693,0.8939393939393939
coimbra,2,Autoencoder,0.7391304347826086,0.75,0.7954545454545454
coimbra,2,TabNet,0.7391304347826086,0.75,0.8030303030303029
coimbra,3,kNN,0.6521739130434783,0.7142857142857143,0.7538461538461538
coimbra,3,Logistic Regression,0.6086956521739131,0.6896551724137931,0.676923076923077
coimbra,3,SVM (RBF),0.6086956521739131,0.6896551724137931,0.7461538461538462
coimbra,3,RUSBoost,0.5652173913043478,0.6666666666666666,0.6192307692307693
coimbra,3,GRNN,0.6521739130434783,0.7142857142857143,0.7846153846153846
coimbra,3,MLP,0.5652173913043478,0.6666666666666666,0.7076923076923076
coimbra,3,Autoencoder,0.7391304347826086,0.7857142857142857,0.7846153846153846
coimbra,3,TabNet,0.5217391304347826,0.5217391304347826,0.4230769230769231
coimbra,4,kNN,0.8260869565217391,0.8333333333333334,0.8384615384615385
coimbra,4,Logistic Regression,0.782608695652174,0.782608695652174,0.9230769230769231
coimbra,4,SVM (RBF),0.8260869565217391,0.8333333333333334,0.9307692307692308
coimbra,4,RUSBoost,0.782608695652174,0.8148148148148148,0.846153846153846
coimbra,4,GRNN,0.7391304347826086,0.7272727272727273,0.9230769230769231
coimbra,4,MLP,0.8260869565217391,0.8461538461538461,0.9
coimbra,4,Autoencoder,0.8260869565217391,0.8333333333333334,0.8769230769230769
coimbra,4,TabNet,0.782608695652174,0.8,0.8576923076923078
coimbra,5,kNN,0.782608695652174,0.8,0.8153846153846155
coimbra,5,Logistic Regression,0.6956521739130435,0.72,0.8
coimbra,5,SVM (RBF),0.7391304347826086,0.7857142857142857,0.8769230769230769
coimbra,5,RUSBoost,0.782608695652174,0.782608695652174,0.8653846153846154
coimbra,5,GRNN,0.6956521739130435,0.7741935483870968,0.9
coimbra,5,MLP,0.7391304347826086,0.7857142857142857,0.7923076923076923
coimbra,5,Autoencoder,0.6956521739130435,0.6956521739130435,0.7230769230769231
coimbra,5,TabNet,0.5217391304347826,0.6857142857142857,0.5846153846153846
