,accuracy,accuracy,f1,f1,roc_auc,roc_auc
,mean,std,mean,std,mean,std
model,,,,,,
MLP,0.9771774569166279,0.009974328455623266,0.9819278518874638,0.007742215724775471,0.9953744647038129,0.00857009732715308
Logistic Regression,0.9736686849868033,0.01858979957686633,0.9794339645403476,0.014227476627036767,0.9953143278274297,0.005976224138410543
SVM (RBF),0.9648812296227295,0.021455149696490136,0.9719037359621963,0.017254654603292778,0.9945250963143201,0.006686334059890397
kNN,0.9630957925787922,0.019996750243690645,0.9711828811529756,0.015380171124763545,0.9848645707145544,0.014587148337599321
RUSBoost,0.95960254618848,0.015883981364414462,0.967960240444989,0.012204911755004256,0.9922443576185798,0.008099839706816258
Autoencoder,0.95960254618848,0.021980471389989684,0.9685105410272474,0.016584687382545718,0.9871149810144242,0.010619440904616176
TabNet,0.9578481602235678,0.012940446377103601,0.9667719932189065,0.010696729194585529,0.9895708878594565,0.0044241214078852694
GRNN,0.9385033379909953,0.025535229638310675,0.9534366860446143,0.01866354289914331,0.9931274988431884,0.0035205078087882486
