model,pair,spearman,common_top5
Logistic Regression,SHAP-Permutation,0.7666666666666667,4
Logistic Regression,SHAP-LIME,0.9333333333333332,4
Logistic Regression,Permutation-LIME,0.7833333333333333,4
kNN,SHAP-Permutation,0.6333333333333333,4
kNN,SHAP-LIME,0.7666666666666667,5
kNN,Permutation-LIME,0.09999999999999999,4
SVM (RBF),SHAP-Permutation,0.7333333333333334,5
SVM (RBF),SHAP-LIME,0.75,4
SVM (RBF),Permutation-LIME,0.39999999999999997,4
RUSBoost,SHAP-Permutation,0.5058823529411764,4
RUSBoost,SHAP-LIME,0.8416254115301731,3
RUSBoost,Permutation-LIME,0.42576344347996997,2
GRNN,SHAP-Permutation,0.48333333333333334,4
GRNN,SHAP-LIME,0.7166666666666667,5
GRNN,Permutation-LIME,0.5666666666666667,4
MLP,SHAP-Permutation,0.6833333333333333,4
MLP,SHAP-LIME,0.8666666666666667,4
MLP,Permutation-LIME,0.45,3
Autoencoder,SHAP-Permutation,0.5833333333333334,4
Autoencoder,SHAP-LIME,0.6833333333333333,4
Autoencoder,Permutation-LIME,0.5499999999999999,4
TabNet,SHAP-Permutation,0.8166666666666667,4
TabNet,SHAP-LIME,0.7666666666666667,4
TabNet,Permutation-LIME,0.3666666666666667,3
