,Logistic Regression,kNN,SVM (RBF),RUSBoost,GRNN,MLP,Autoencoder,TabNet
mean radius,0.012440576645452355,0.016977995036344038,0.019214380110949048,0.0,0.020385532241803984,0.057018600520083826,0.012163570777582044,0.0024445306364949604
mean texture,0.019536339904548547,0.024497456542873657,0.02877490818082361,0.0205868020565921,0.024860701682549956,0.031287178228976455,0.0030698552389409033,0.009105673333362107
mean perimeter,0.005685169520835776,0.01954232338831737,0.014804010175665464,0.0,0.0238906647835398,0.011224631982708663,0.04127912238003999,0.0
mean area,0.009067251882758183,0.01797165325760725,0.016333038160009944,0.00017917366484800117,0.022666786160232606,0.0,0.002288633825682759,0.0
mean smoothness,0.002580305255789663,0.01176342639299318,0.006770442855136148,0.007183560231901147,0.008967485804886086,0.000550244740442586,0.014937861835947946,0.0001355262496901912
mean compactness,0.003678098303963246,0.001067205988878195,0.0001954594714183508,0.003417720496957704,0.0009136070973650006,0.0,0.0008232836766313313,0.007464204567564932
mean concavity,0.012441179204238822,0.01631367588663212,0.012310016200499227,0.009769730030937876,0.016813785147334885,0.029473962219048126,0.048958427890577624,0.01115095913385166
mean concave points,0.0301049319011173,0.03349857711976203,0.03719674074005985,0.024175184257229823,0.03427575110554084,0.0,0.0,0.03520911796689434
mean symmetry,0.0007062088720323587,0.003180910088116,0.002370160786001997,0.0,0.0010663485754823158,0.005446073250156299,0.00017352510875032976,0.002018908689024894
mean fractal dimension,0.0014962748273221864,0.002214617630987368,0.0019027523819938753,0.0,0.0036424074113783275,0.011820833611008798,0.0026519138260730425,0.0
radius error,0.040738088157829574,0.011488556056995189,0.024230002203581732,0.0014933250604347906,0.019893973331261562,0.014782996361996726,0.0020724544693776163,0.0001610104261895406
texture error,0.000773091353990385,0.0004180894658308072,0.0,0.0,0.00034336801140888234,0.004012655215658366,0.00686559807191008,0.00032755301752406007
perimeter error,0.010839095090026566,0.004814357336263832,0.010868802593351743,0.0,0.009350568840964647,0.040916986983593404,0.0011966556668450798,0.00811600335975896
area error,0.024165802761461387,0.007022829825366915,0.010202808197716884,0.031807623371397455,0.006196635130615132,0.010619708440902948,0.07870882719905455,0.0052075764810776744
smoothness error,9.885029423078004e-05,0.0003448735296425484,0.0,0.0,0.0020238048825025586,0.0001537230787929021,0.003081121188014805,0.00016308574158447887
compactness error,0.0021119164393534327,0.0014651298298566733,0.001747710491357434,0.0028464163452849287,0.001711064492600211,0.005782383110203845,0.0,0.003618451281159113
concavity error,0.0,0.000779967377824951,0.0,0.0014706059759053021,0.000980902931560905,0.0,0.0,0.0002315631472440248
concave points error,0.007616116449143419,0.0010222846418175234,0.0,0.0029883723419365476,0.0,0.005310651128988773,0.008049483890623774,0.0
symmetry error,0.0012587698886749807,0.0012551506693114548,0.0,0.0034182358853274983,0.0011441169860720384,0.005700337040357842,0.0004654606702551173,0.0012442223009047593
fractal dimension error,0.0027437426864523867,0.0017702450285979987,0.0034141552449268794,0.0,0.003421734060115382,0.0,0.0006980980899516326,0.0
worst radius,0.03767403546882706,0.03564088135869613,0.04065420210676629,0.01464324698188899,0.03157826089358462,0.003695572828590539,0.09111874289327934,0.06584372386116881
worst texture,0.056932270285363754,0.04013763930687016,0.04298110618082503,0.02949914340230801,0.035399147998296084,0.04960532057310846,0.005168730075023364,0.04095309732296117
worst perimeter,0.03251151301714001,0.03660453327788126,0.03677853510697786,0.0,0.03146470497467178,0.0447537076385758,0.10457035353679156,0.13323545282217775
worst area,0.035512229112085875,0.03192164415960848,0.03388692161854796,0.032400137998441735,0.02857918000880889,0.021485715436865806,0.12002729183824956,0.002427540576884422
worst smoothness,0.025231862820023137,0.02872152576245373,0.029514040517202328,0.004840615639262248,0.02433584819176688,0.04837907419503109,0.0010556575975873017,0.030024207366461268
worst compactness,0.0,0.011619581150002356,0.0,0.0,0.008717171359496099,0.007188534696672295,0.03166916933782927,0.0020065688165471335
worst concavity,0.026091935222813716,0.024035335661521422,0.019452914833423908,0.0,0.017921754830011256,0.008461595514487663,0.002424404147411449,0.02360918497542428
worst concave points,0.04514107232951815,0.04311696761672591,0.045648542478274656,0.02281569461076751,0.03723358926986773,0.037737258214559144,0.039026879510176506,0.07657418938018937
worst symmetry,0.012551387750908577,0.010204666160979828,0.014940924768089472,0.006980069091815729,0.013368915759625491,0.010574095869094014,0.0038248537190213746,0.004306823161169459
worst fractal dimension,0.0,0.01005810520311318,0.004116934406075804,0.0,0.006821732932030669,0.00042662954640911054,0.0016561869693648402,0.003579704709883692
